{"appVersion":"4.26.1","is64Bit":true,"isGpuCompositionAvailable":true,"isTitleBarHidden":false,"linux":{"os":"Ubuntu","name":"Ubuntu 20.04","release":"20.04","codename":"focal","desktopEnvironment":"Unity"},"platform":"linux","platformVersion":{"major":5,"minor":13,"build":0},"developerMenuOverride":false,"resourcePath":"[REDACTED]","uuid":"40d4db33-7324-477d-a574-145668b83edb","applicationProcessSessionId":"NDBkNGRiMzMtNzMyNC00NzdkLWE1NzQtMTQ1NjY4YjgzZWRiXzE2NTM5Mjc4ODM3MDc=","distribution":"Snap","bootFragments":[],"clientEnvironment":1000}