{
  "appTeams": {
    "selectedTeamId": null,
    "teamsByIndex": [],
    "teamsToSignOut": []
  },
  "bookmarks": [],
  "downloads": {},
  "enterprise": {},
  "settings": {
    "defaultSigninTeam": null,
    "hasRunApp": true,
    "hasRunFromTray": false,
    "isSignedIntoSlackOrg": false,
    "lastClogForProxyInfo": 0,
    "suppressPermissionDialog": false,
    "whitelistedUrlSchemes": [
      "http:",
      "https:",
      "mailto:",
      "skype:",
      "chrome-devtools:",
      "devtools:",
      "spotify:",
      "live:",
      "callto:",
      "tel:",
      "im:",
      "sip:",
      "sips:",
      "slack:"
    ],
    "allowedHostnames": {
      "ftp:": [],
      "sftp:": [],
      "ssh:": [],
      "smb:": []
    },
    "allowedFileExts": [],
    "suppressMoveFromDmgDialog": false,
    "debugFeatures": [],
    "notificationAfterHoverTimeout": 2000,
    "notificationFailover": 0,
    "notificationFailoverEnabled": true,
    "notificationMaxItems": 3,
    "notificationMethod": null,
    "notificationPlayback": "web",
    "notificationPresentationCheck": null,
    "notificationTimeout": 6000,
    "notificationZoomLevel": null,
    "notifyPosition": {
      "corner": "bottom_right",
      "display": "same_as_app"
    },
    "forceHiddenInsetTitleBar": false,
    "isIAEnabled": true,
    "isClipboardReadDisabled": false,
    "isOpenExternalShellForced": true,
    "isTitleBarForcedByUser": false,
    "trafficLightPosition": {
      "x": 14,
      "y": 22
    },
    "autoHideMenuBar": false,
    "launchOnStartup": true,
    "keyboardLayout": "us,us",
    "locale": "en-US",
    "PrefSSBFileDownloadPath": "/home/victorious/Downloads",
    "PrefSSBFileDownloadPathDisplayName": "",
    "runFromTray": true,
    "startNetLogAtLaunch": false,
    "useHwAcceleration": true,
    "zoomLevel": 0,
    "shouldUseHighContrastColors": false,
    "userTheme": "light",
    "systemThemeSyncEnabled": false,
    "releaseChannel": "prod",
    "releaseChannelOverride": null,
    "hideOnStartup": true,
    "useTsLogBackend": false,
    "spellcheckerLanguage": "en-US",
    "mainWindowSettings": {
      "fullScreen": false,
      "maximized": false,
      "bounds": {
        "x": 225,
        "y": 27,
        "width": 988,
        "height": 704
      }
    },
    "slackDefaults": {
      "defaultSigninTeam": null,
      "hasRunApp": false,
      "hasRunFromTray": false,
      "isSignedIntoSlackOrg": false,
      "lastClogForProxyInfo": 0,
      "suppressPermissionDialog": false,
      "whitelistedUrlSchemes": [
        "http:",
        "https:",
        "mailto:",
        "skype:",
        "chrome-devtools:",
        "devtools:",
        "spotify:",
        "live:",
        "callto:",
        "tel:",
        "im:",
        "sip:",
        "sips:",
        "slack:"
      ],
      "allowedHostnames": {
        "ftp:": [],
        "sftp:": [],
        "ssh:": [],
        "smb:": []
      },
      "allowedFileExts": [],
      "suppressMoveFromDmgDialog": false,
      "debugFeatures": [],
      "notificationAfterHoverTimeout": 2000,
      "notificationFailover": 0,
      "notificationFailoverEnabled": true,
      "notificationMaxItems": 3,
      "notificationMethod": null,
      "notificationPlayback": "web",
      "notificationPresentationCheck": null,
      "notificationTimeout": 6000,
      "notificationZoomLevel": null,
      "notifyPosition": {
        "corner": "bottom_right",
        "display": "same_as_app"
      },
      "forceHiddenInsetTitleBar": false,
      "isIAEnabled": true,
      "isClipboardReadDisabled": false,
      "isOpenExternalShellForced": true,
      "isTitleBarForcedByUser": false,
      "trafficLightPosition": {
        "x": 14,
        "y": 22
      },
      "autoHideMenuBar": false,
      "launchOnStartup": null,
      "keyboardLayout": "",
      "locale": "en-US",
      "PrefSSBFileDownloadPath": "",
      "PrefSSBFileDownloadPathDisplayName": "",
      "runFromTray": true,
      "startNetLogAtLaunch": false,
      "useHwAcceleration": true,
      "zoomLevel": 0,
      "shouldUseHighContrastColors": false,
      "userTheme": "light",
      "systemThemeSyncEnabled": false,
      "releaseChannel": "prod",
      "releaseChannelOverride": null,
      "hideOnStartup": true,
      "useTsLogBackend": false,
      "spellcheckerLanguage": "en-US"
    },
    "itDefaults": {},
    "userChoices": {
      "defaultSigninTeam": null,
      "hasRunApp": true,
      "hasRunFromTray": false,
      "isSignedIntoSlackOrg": false,
      "lastClogForProxyInfo": 0,
      "suppressPermissionDialog": false,
      "whitelistedUrlSchemes": [
        "http:",
        "https:",
        "mailto:",
        "skype:",
        "chrome-devtools:",
        "devtools:",
        "spotify:",
        "live:",
        "callto:",
        "tel:",
        "im:",
        "sip:",
        "sips:",
        "slack:"
      ],
      "allowedHostnames": {
        "ftp:": [],
        "sftp:": [],
        "ssh:": [],
        "smb:": []
      },
      "allowedFileExts": [],
      "suppressMoveFromDmgDialog": false,
      "debugFeatures": [],
      "notificationAfterHoverTimeout": 2000,
      "notificationFailover": 0,
      "notificationFailoverEnabled": true,
      "notificationMaxItems": 3,
      "notificationMethod": null,
      "notificationPlayback": "web",
      "notificationPresentationCheck": null,
      "notificationTimeout": 6000,
      "notificationZoomLevel": null,
      "notifyPosition": {
        "corner": "bottom_right",
        "display": "same_as_app"
      },
      "forceHiddenInsetTitleBar": false,
      "isIAEnabled": true,
      "isClipboardReadDisabled": false,
      "isOpenExternalShellForced": true,
      "isTitleBarForcedByUser": false,
      "trafficLightPosition": {
        "x": 14,
        "y": 22
      },
      "autoHideMenuBar": false,
      "launchOnStartup": true,
      "keyboardLayout": "us,us",
      "locale": "en-US",
      "PrefSSBFileDownloadPath": "/home/victorious/Downloads",
      "PrefSSBFileDownloadPathDisplayName": "",
      "runFromTray": true,
      "startNetLogAtLaunch": false,
      "useHwAcceleration": true,
      "zoomLevel": 0,
      "shouldUseHighContrastColors": false,
      "userTheme": "light",
      "systemThemeSyncEnabled": false,
      "releaseChannel": "prod",
      "releaseChannelOverride": null,
      "hideOnStartup": true,
      "useTsLogBackend": false,
      "spellcheckerLanguage": "en-US",
      "mainWindowSettings": {
        "fullScreen": false,
        "maximized": false,
        "bounds": {
          "x": 225,
          "y": 27,
          "width": 988,
          "height": 704
        }
      }
    },
    "itPolicy": {}
  },
  "teams": {},
  "webapp": {
    "teams": {}
  },
  "workspaces": {},
  "workspacesMeta": {
    "selectedWorkspaceId": null
  },
  "_persist": {
    "version": 1,
    "rehydrated": true
  }
}